{"inputUnits":[3],"outputUnits":3,"inputs":{"0":{"dtype":"number","min":0.20847395062446594,"max":0.5392325520515442},"1":{"dtype":"number","min":0.360326886177063,"max":0.8042082190513611},"2":{"dtype":"number","min":0.17502540349960327,"max":0.9298461079597473}},"outputs":{"label":{"dtype":"string","min":0,"max":1,"uniqueValues":["Flex","Down","Straight"],"legend":{"Flex":[1,0,0],"Down":[0,1,0],"Straight":[0,0,1]}}},"isNormalized":true}